BindingDB Reactant_set_id	Ligand SMILES	Ligand InChI	Ligand InChI Key	BindingDB MonomerID	BindingDB Ligand Name	Target Name	Target Source Organism According to Curator or DataSource	Ki (nM)	IC50 (nM)	Kd (nM)	EC50 (nM)	kon (M-1-s-1)	koff (s-1)	pH	Temp (C)	Curation/DataSource	Article DOI	BindingDB Entry DOI	PMID	PubChem AID	Patent Number	Authors	Institution	Link to Ligand in BindingDB	Link to Target in BindingDB	Link to Ligand-Target Pair in BindingDB	Ligand HET ID in PDB	PDB ID(s) for Ligand-Target Complex	PubChem CID	PubChem SID	ChEBI ID of Ligand	ChEMBL ID of Ligand	DrugBank ID of Ligand	IUPHAR_GRAC ID of Ligand	KEGG ID of Ligand	ZINC ID of Ligand	Number of Protein Chains in Target (>1 implies a multichain complex)	BindingDB Target Chain Sequence	PDB ID(s) of Target Chain	UniProt (SwissProt) Recommended Name of Target Chain	UniProt (SwissProt) Entry Name of Target Chain	UniProt (SwissProt) Primary ID of Target Chain	UniProt (SwissProt) Secondary ID(s) of Target Chain	UniProt (SwissProt) Alternative ID(s) of Target Chain	UniProt (TrEMBL) Submitted Name of Target Chain	UniProt (TrEMBL) Entry Name of Target Chain	UniProt (TrEMBL) Primary ID of Target Chain	UniProt (TrEMBL) Secondary ID(s) of Target Chain	UniProt (TrEMBL) Alternative ID(s) of Target Chain	BindingDB Target Chain Sequence	PDB ID(s) of Target Chain	UniProt (SwissProt) Recommended Name of Target Chain	UniProt (SwissProt) Entry Name of Target Chain	UniProt (SwissProt) Primary ID of Target Chain	UniProt (SwissProt) Secondary ID(s) of Target Chain	UniProt (SwissProt) Alternative ID(s) of Target Chain	UniProt (TrEMBL) Submitted Name of Target Chain	UniProt (TrEMBL) Entry Name of Target Chain	UniProt (TrEMBL) Primary ID of Target Chain	UniProt (TrEMBL) Secondary ID(s) of Target Chain	UniProt (TrEMBL) Alternative ID(s) of Target Chain
461007	Clc1ccc2[nH]c(=O)c(C(=O)\C=C\c3ccccc3)c(-c3ccccc3)c2c1	InChI=1S/C24H16ClNO2/c25-18-12-13-20-19(15-18)22(17-9-5-2-6-10-17)23(24(28)26-20)21(27)14-11-16-7-3-1-4-8-16/h1-15H,(H,26,28)/b14-11+	FYOQQQWDDUOFAL-SDNWHVSQSA-N	107635	US9695179, 1	Bromodomain-containing protein 4 [342-460]/[42-168]			 2430						25.00 C	US Patent		10.7270/Q21G0JF6		aid1794898	US9695179	Vankayalapati, H; Yoshioka, M; Strovel, JW; Padia, JK	ConverGene LLC	http://www.bindingdb.org/bind/chemsearch/marvin/MolStructure.jsp?monomerid=107635	http://www.bindingdb.org/jsp/dbsearch/PrimarySearch_ki.jsp?energyterm=kJ/mole&tag=com&complexid=62&target=Bromodomain-containing+protein+4+%5B342-460%5D%2F%5B42-168%5D&column=ki&startPg=0&Increment=50&submit=Search	http://www.bindingdb.org/jsp/dbsearch/PrimarySearch_ki.jsp?energyterm=kJ/mole&tag=r21&monomerid=107635&enzyme=Bromodomain-containing+protein+4+%5B342-460%5D%2F%5B42-168%5D&column=ki&startPg=0&Increment=50&submit=Search			5860882	175445082						ZINC96178552	2	STNPPPPETSNPNKPKRQTNQLQYLLRVVLKTLWKHQFAWPFQQPVDAVKLNLPDYYKIIKTPMDMGTIKKRLENNYYWNAQECIQDFNTMFTNCYIYNKPGDDIVLMAEALEKLFLQKINELPTEE	3JVJ,3JVK,3MUK,3MUL,4DON,4HXK,4HXL,4HXM,4HXN,4HXO,4HXP,4HXR,4HXS,4LR6,4LRG,4LYS,4X2I,4Z1Q,4Z1S,5D24,5D25,5D3H,5D3J,5D3N,5D3S,5H21,5HLS,5HM0,5HQ7,5I80,5I88,5KU3,5S9P,5S9Q,5S9R,5U2E,5U2F,5UVW,5VZS,5W55,5WA5,5WUU,5XHY,5XI2,5XI3,5XI4,5Y1Y,5Z5T,5Z5U,5Z5V,5Z9C,6AJV,6AJW,6AJX,6AJY,6AJZ,6CD4,6CJ2,6CKR,6CKS,6IN1,6JI3,6JI4,6JI5,6JJ3,6JJ5,6JJ6,6JJB,6LG4,6LG5,6LG6,6LG7,6LG8,6LG9,6LIH,6LIM,6P05,6U6K,6U72,6U74,6U8G,6U8M,6ULS,6ULV,6VIW,6VIZ,6WW8,6X7D,7C2Z,7EHW,7EHY,7EIG,7EIK,7EIL,7FH2,7JKW,7JKX,7JKY,7LA9,7MCE,7MCF,7REK,7RUI,7T3F,7TUQ,7TV0,7UZN,7ZAQ,7ZE6,7ZEF,7ZFV,8B5B,8B5C,8GPZ,8GQ0	Bromodomain-containing protein 4	BRD4_HUMAN	O60885	O60433 Q4G0X8 Q86YS8 Q96PD3							PAPEKSSKVSEQLKCCSGILKEMFAKKHAAYAWPFYKPVDVEALGLHDYCDIIKHPMDMSTIKSKLEAREYRDAQEFGADVRLMFSNCYKYNPPDHEVVAMARKLQDVFEMRFAKMPDE	2I8N,2LSP,2MJV,2OUO,2YEM,3JVL,3JVM,4KV4,4Z93,5JWM,5T35,5U2C,5UEO,5UEP,5UEQ,5UER,5UES,5UET,5UEU,5UEV,5UEX,5UEY,5UEZ,5UF0,5UOO,5UVS,5UVT,5UVU,5UVV,5UVX,5UVY,5UVZ,6C7Q,6DUV,6FFD,6KO2,6MNL,6SIS,6VIX,7AQT,7C6P,7JKZ,7KO0,7RUH,7USJ,7USK,7ZNT,8BDT,8BDX,8G46	Bromodomain-containing protein 4	BRD4_HUMAN	O60885	O60433 Q4G0X8 Q86YS8 Q96PD3						
461023	Cc1ccc(cc1)-c1nnc(Sc2c(-c3ccccc3)c3cc(Cl)ccc3[nH]c2=O)n1N	InChI=1S/C24H18ClN5OS/c1-14-7-9-16(10-8-14)22-28-29-24(30(22)26)32-21-20(15-5-3-2-4-6-15)18-13-17(25)11-12-19(18)27-23(21)31/h2-13H,26H2,1H3,(H,27,31)	XBGSKJWAMBGCIC-UHFFFAOYSA-N	111137	US9695179, 132	Bromodomain-containing protein 4 [342-460]/[42-168]			 3700						25.00 C	US Patent		10.7270/Q21G0JF6		aid1794898	US9695179	Vankayalapati, H; Yoshioka, M; Strovel, JW; Padia, JK	ConverGene LLC	http://www.bindingdb.org/bind/chemsearch/marvin/MolStructure.jsp?monomerid=111137	http://www.bindingdb.org/jsp/dbsearch/PrimarySearch_ki.jsp?energyterm=kJ/mole&tag=com&complexid=62&target=Bromodomain-containing+protein+4+%5B342-460%5D%2F%5B42-168%5D&column=ki&startPg=0&Increment=50&submit=Search	http://www.bindingdb.org/jsp/dbsearch/PrimarySearch_ki.jsp?energyterm=kJ/mole&tag=r21&monomerid=111137&enzyme=Bromodomain-containing+protein+4+%5B342-460%5D%2F%5B42-168%5D&column=ki&startPg=0&Increment=50&submit=Search			2475074	186528007							2	STNPPPPETSNPNKPKRQTNQLQYLLRVVLKTLWKHQFAWPFQQPVDAVKLNLPDYYKIIKTPMDMGTIKKRLENNYYWNAQECIQDFNTMFTNCYIYNKPGDDIVLMAEALEKLFLQKINELPTEE	3JVJ,3JVK,3MUK,3MUL,4DON,4HXK,4HXL,4HXM,4HXN,4HXO,4HXP,4HXR,4HXS,4LR6,4LRG,4LYS,4X2I,4Z1Q,4Z1S,5D24,5D25,5D3H,5D3J,5D3N,5D3S,5H21,5HLS,5HM0,5HQ7,5I80,5I88,5KU3,5S9P,5S9Q,5S9R,5U2E,5U2F,5UVW,5VZS,5W55,5WA5,5WUU,5XHY,5XI2,5XI3,5XI4,5Y1Y,5Z5T,5Z5U,5Z5V,5Z9C,6AJV,6AJW,6AJX,6AJY,6AJZ,6CD4,6CJ2,6CKR,6CKS,6IN1,6JI3,6JI4,6JI5,6JJ3,6JJ5,6JJ6,6JJB,6LG4,6LG5,6LG6,6LG7,6LG8,6LG9,6LIH,6LIM,6P05,6U6K,6U72,6U74,6U8G,6U8M,6ULS,6ULV,6VIW,6VIZ,6WW8,6X7D,7C2Z,7EHW,7EHY,7EIG,7EIK,7EIL,7FH2,7JKW,7JKX,7JKY,7LA9,7MCE,7MCF,7REK,7RUI,7T3F,7TUQ,7TV0,7UZN,7ZAQ,7ZE6,7ZEF,7ZFV,8B5B,8B5C,8GPZ,8GQ0	Bromodomain-containing protein 4	BRD4_HUMAN	O60885	O60433 Q4G0X8 Q86YS8 Q96PD3							PAPEKSSKVSEQLKCCSGILKEMFAKKHAAYAWPFYKPVDVEALGLHDYCDIIKHPMDMSTIKSKLEAREYRDAQEFGADVRLMFSNCYKYNPPDHEVVAMARKLQDVFEMRFAKMPDE	2I8N,2LSP,2MJV,2OUO,2YEM,3JVL,3JVM,4KV4,4Z93,5JWM,5T35,5U2C,5UEO,5UEP,5UEQ,5UER,5UES,5UET,5UEU,5UEV,5UEX,5UEY,5UEZ,5UF0,5UOO,5UVS,5UVT,5UVU,5UVV,5UVX,5UVY,5UVZ,6C7Q,6DUV,6FFD,6KO2,6MNL,6SIS,6VIX,7AQT,7C6P,7JKZ,7KO0,7RUH,7USJ,7USK,7ZNT,8BDT,8BDX,8G46	Bromodomain-containing protein 4	BRD4_HUMAN	O60885	O60433 Q4G0X8 Q86YS8 Q96PD3						
461016	Clc1ccc2[nH]c(=O)c(Sc3nnc(-c4cccs4)n3CC=C)c(-c3ccccc3)c2c1	InChI=1S/C24H17ClN4OS2/c1-2-12-29-22(19-9-6-13-31-19)27-28-24(29)32-21-20(15-7-4-3-5-8-15)17-14-16(25)10-11-18(17)26-23(21)30/h2-11,13-14H,1,12H2,(H,26,30)	JWKFFNPFJUUSST-UHFFFAOYSA-N	111102	US9695179, 97	Bromodomain-containing protein 4 [342-460]/[42-168]			 5800						25.00 C	US Patent		10.7270/Q21G0JF6		aid1794898	US9695179	Vankayalapati, H; Yoshioka, M; Strovel, JW; Padia, JK	ConverGene LLC	http://www.bindingdb.org/bind/chemsearch/marvin/MolStructure.jsp?monomerid=111102	http://www.bindingdb.org/jsp/dbsearch/PrimarySearch_ki.jsp?energyterm=kJ/mole&tag=com&complexid=62&target=Bromodomain-containing+protein+4+%5B342-460%5D%2F%5B42-168%5D&column=ki&startPg=0&Increment=50&submit=Search	http://www.bindingdb.org/jsp/dbsearch/PrimarySearch_ki.jsp?energyterm=kJ/mole&tag=r21&monomerid=111102&enzyme=Bromodomain-containing+protein+4+%5B342-460%5D%2F%5B42-168%5D&column=ki&startPg=0&Increment=50&submit=Search			2164661	186527972							2	STNPPPPETSNPNKPKRQTNQLQYLLRVVLKTLWKHQFAWPFQQPVDAVKLNLPDYYKIIKTPMDMGTIKKRLENNYYWNAQECIQDFNTMFTNCYIYNKPGDDIVLMAEALEKLFLQKINELPTEE	3JVJ,3JVK,3MUK,3MUL,4DON,4HXK,4HXL,4HXM,4HXN,4HXO,4HXP,4HXR,4HXS,4LR6,4LRG,4LYS,4X2I,4Z1Q,4Z1S,5D24,5D25,5D3H,5D3J,5D3N,5D3S,5H21,5HLS,5HM0,5HQ7,5I80,5I88,5KU3,5S9P,5S9Q,5S9R,5U2E,5U2F,5UVW,5VZS,5W55,5WA5,5WUU,5XHY,5XI2,5XI3,5XI4,5Y1Y,5Z5T,5Z5U,5Z5V,5Z9C,6AJV,6AJW,6AJX,6AJY,6AJZ,6CD4,6CJ2,6CKR,6CKS,6IN1,6JI3,6JI4,6JI5,6JJ3,6JJ5,6JJ6,6JJB,6LG4,6LG5,6LG6,6LG7,6LG8,6LG9,6LIH,6LIM,6P05,6U6K,6U72,6U74,6U8G,6U8M,6ULS,6ULV,6VIW,6VIZ,6WW8,6X7D,7C2Z,7EHW,7EHY,7EIG,7EIK,7EIL,7FH2,7JKW,7JKX,7JKY,7LA9,7MCE,7MCF,7REK,7RUI,7T3F,7TUQ,7TV0,7UZN,7ZAQ,7ZE6,7ZEF,7ZFV,8B5B,8B5C,8GPZ,8GQ0	Bromodomain-containing protein 4	BRD4_HUMAN	O60885	O60433 Q4G0X8 Q86YS8 Q96PD3							PAPEKSSKVSEQLKCCSGILKEMFAKKHAAYAWPFYKPVDVEALGLHDYCDIIKHPMDMSTIKSKLEAREYRDAQEFGADVRLMFSNCYKYNPPDHEVVAMARKLQDVFEMRFAKMPDE	2I8N,2LSP,2MJV,2OUO,2YEM,3JVL,3JVM,4KV4,4Z93,5JWM,5T35,5U2C,5UEO,5UEP,5UEQ,5UER,5UES,5UET,5UEU,5UEV,5UEX,5UEY,5UEZ,5UF0,5UOO,5UVS,5UVT,5UVU,5UVV,5UVX,5UVY,5UVZ,6C7Q,6DUV,6FFD,6KO2,6MNL,6SIS,6VIX,7AQT,7C6P,7JKZ,7KO0,7RUH,7USJ,7USK,7ZNT,8BDT,8BDX,8G46	Bromodomain-containing protein 4	BRD4_HUMAN	O60885	O60433 Q4G0X8 Q86YS8 Q96PD3						
461017	COc1ccc(cc1)-c1cc(=O)[nH]c(Sc2c(-c3ccccc3)c3cc(Cl)ccc3[nH]c2=O)n1	InChI=1S/C26H18ClN3O3S/c1-33-18-10-7-15(8-11-18)21-14-22(31)30-26(29-21)34-24-23(16-5-3-2-4-6-16)19-13-17(27)9-12-20(19)28-25(24)32/h2-14H,1H3,(H,28,32)(H,29,30,31)	LSIGVPURCWKUIV-UHFFFAOYSA-N	111103	US9695179, 98	Bromodomain-containing protein 4 [342-460]/[42-168]			 6700						25.00 C	US Patent		10.7270/Q21G0JF6		aid1794898	US9695179	Vankayalapati, H; Yoshioka, M; Strovel, JW; Padia, JK	ConverGene LLC	http://www.bindingdb.org/bind/chemsearch/marvin/MolStructure.jsp?monomerid=111103	http://www.bindingdb.org/jsp/dbsearch/PrimarySearch_ki.jsp?energyterm=kJ/mole&tag=com&complexid=62&target=Bromodomain-containing+protein+4+%5B342-460%5D%2F%5B42-168%5D&column=ki&startPg=0&Increment=50&submit=Search	http://www.bindingdb.org/jsp/dbsearch/PrimarySearch_ki.jsp?energyterm=kJ/mole&tag=r21&monomerid=111103&enzyme=Bromodomain-containing+protein+4+%5B342-460%5D%2F%5B42-168%5D&column=ki&startPg=0&Increment=50&submit=Search			2721712	186527973							2	STNPPPPETSNPNKPKRQTNQLQYLLRVVLKTLWKHQFAWPFQQPVDAVKLNLPDYYKIIKTPMDMGTIKKRLENNYYWNAQECIQDFNTMFTNCYIYNKPGDDIVLMAEALEKLFLQKINELPTEE	3JVJ,3JVK,3MUK,3MUL,4DON,4HXK,4HXL,4HXM,4HXN,4HXO,4HXP,4HXR,4HXS,4LR6,4LRG,4LYS,4X2I,4Z1Q,4Z1S,5D24,5D25,5D3H,5D3J,5D3N,5D3S,5H21,5HLS,5HM0,5HQ7,5I80,5I88,5KU3,5S9P,5S9Q,5S9R,5U2E,5U2F,5UVW,5VZS,5W55,5WA5,5WUU,5XHY,5XI2,5XI3,5XI4,5Y1Y,5Z5T,5Z5U,5Z5V,5Z9C,6AJV,6AJW,6AJX,6AJY,6AJZ,6CD4,6CJ2,6CKR,6CKS,6IN1,6JI3,6JI4,6JI5,6JJ3,6JJ5,6JJ6,6JJB,6LG4,6LG5,6LG6,6LG7,6LG8,6LG9,6LIH,6LIM,6P05,6U6K,6U72,6U74,6U8G,6U8M,6ULS,6ULV,6VIW,6VIZ,6WW8,6X7D,7C2Z,7EHW,7EHY,7EIG,7EIK,7EIL,7FH2,7JKW,7JKX,7JKY,7LA9,7MCE,7MCF,7REK,7RUI,7T3F,7TUQ,7TV0,7UZN,7ZAQ,7ZE6,7ZEF,7ZFV,8B5B,8B5C,8GPZ,8GQ0	Bromodomain-containing protein 4	BRD4_HUMAN	O60885	O60433 Q4G0X8 Q86YS8 Q96PD3							PAPEKSSKVSEQLKCCSGILKEMFAKKHAAYAWPFYKPVDVEALGLHDYCDIIKHPMDMSTIKSKLEAREYRDAQEFGADVRLMFSNCYKYNPPDHEVVAMARKLQDVFEMRFAKMPDE	2I8N,2LSP,2MJV,2OUO,2YEM,3JVL,3JVM,4KV4,4Z93,5JWM,5T35,5U2C,5UEO,5UEP,5UEQ,5UER,5UES,5UET,5UEU,5UEV,5UEX,5UEY,5UEZ,5UF0,5UOO,5UVS,5UVT,5UVU,5UVV,5UVX,5UVY,5UVZ,6C7Q,6DUV,6FFD,6KO2,6MNL,6SIS,6VIX,7AQT,7C6P,7JKZ,7KO0,7RUH,7USJ,7USK,7ZNT,8BDT,8BDX,8G46	Bromodomain-containing protein 4	BRD4_HUMAN	O60885	O60433 Q4G0X8 Q86YS8 Q96PD3						
461018	Clc1ccc2[nH]c(=O)c(SC(=S)N3CCOCC3)c(-c3ccccc3)c2c1	InChI=1S/C20H17ClN2O2S2/c21-14-6-7-16-15(12-14)17(13-4-2-1-3-5-13)18(19(24)22-16)27-20(26)23-8-10-25-11-9-23/h1-7,12H,8-11H2,(H,22,24)	LNTXOXYPBIGGHW-UHFFFAOYSA-N	111126	US9695179, 121	Bromodomain-containing protein 4 [342-460]/[42-168]			 7300						25.00 C	US Patent		10.7270/Q21G0JF6		aid1794898	US9695179	Vankayalapati, H; Yoshioka, M; Strovel, JW; Padia, JK	ConverGene LLC	http://www.bindingdb.org/bind/chemsearch/marvin/MolStructure.jsp?monomerid=111126	http://www.bindingdb.org/jsp/dbsearch/PrimarySearch_ki.jsp?energyterm=kJ/mole&tag=com&complexid=62&target=Bromodomain-containing+protein+4+%5B342-460%5D%2F%5B42-168%5D&column=ki&startPg=0&Increment=50&submit=Search	http://www.bindingdb.org/jsp/dbsearch/PrimarySearch_ki.jsp?energyterm=kJ/mole&tag=r21&monomerid=111126&enzyme=Bromodomain-containing+protein+4+%5B342-460%5D%2F%5B42-168%5D&column=ki&startPg=0&Increment=50&submit=Search			1392072	186527996							2	STNPPPPETSNPNKPKRQTNQLQYLLRVVLKTLWKHQFAWPFQQPVDAVKLNLPDYYKIIKTPMDMGTIKKRLENNYYWNAQECIQDFNTMFTNCYIYNKPGDDIVLMAEALEKLFLQKINELPTEE	3JVJ,3JVK,3MUK,3MUL,4DON,4HXK,4HXL,4HXM,4HXN,4HXO,4HXP,4HXR,4HXS,4LR6,4LRG,4LYS,4X2I,4Z1Q,4Z1S,5D24,5D25,5D3H,5D3J,5D3N,5D3S,5H21,5HLS,5HM0,5HQ7,5I80,5I88,5KU3,5S9P,5S9Q,5S9R,5U2E,5U2F,5UVW,5VZS,5W55,5WA5,5WUU,5XHY,5XI2,5XI3,5XI4,5Y1Y,5Z5T,5Z5U,5Z5V,5Z9C,6AJV,6AJW,6AJX,6AJY,6AJZ,6CD4,6CJ2,6CKR,6CKS,6IN1,6JI3,6JI4,6JI5,6JJ3,6JJ5,6JJ6,6JJB,6LG4,6LG5,6LG6,6LG7,6LG8,6LG9,6LIH,6LIM,6P05,6U6K,6U72,6U74,6U8G,6U8M,6ULS,6ULV,6VIW,6VIZ,6WW8,6X7D,7C2Z,7EHW,7EHY,7EIG,7EIK,7EIL,7FH2,7JKW,7JKX,7JKY,7LA9,7MCE,7MCF,7REK,7RUI,7T3F,7TUQ,7TV0,7UZN,7ZAQ,7ZE6,7ZEF,7ZFV,8B5B,8B5C,8GPZ,8GQ0	Bromodomain-containing protein 4	BRD4_HUMAN	O60885	O60433 Q4G0X8 Q86YS8 Q96PD3							PAPEKSSKVSEQLKCCSGILKEMFAKKHAAYAWPFYKPVDVEALGLHDYCDIIKHPMDMSTIKSKLEAREYRDAQEFGADVRLMFSNCYKYNPPDHEVVAMARKLQDVFEMRFAKMPDE	2I8N,2LSP,2MJV,2OUO,2YEM,3JVL,3JVM,4KV4,4Z93,5JWM,5T35,5U2C,5UEO,5UEP,5UEQ,5UER,5UES,5UET,5UEU,5UEV,5UEX,5UEY,5UEZ,5UF0,5UOO,5UVS,5UVT,5UVU,5UVV,5UVX,5UVY,5UVZ,6C7Q,6DUV,6FFD,6KO2,6MNL,6SIS,6VIX,7AQT,7C6P,7JKZ,7KO0,7RUH,7USJ,7USK,7ZNT,8BDT,8BDX,8G46	Bromodomain-containing protein 4	BRD4_HUMAN	O60885	O60433 Q4G0X8 Q86YS8 Q96PD3						
461015	Cc1noc(C)c1-c1ccc2[nH]c(=O)c(C(=O)\C=C\c3ccccc3)c(-c3cccnc3)c2c1	InChI=1S/C28H21N3O3/c1-17-25(18(2)34-31-17)20-11-12-23-22(15-20)26(21-9-6-14-29-16-21)27(28(33)30-23)24(32)13-10-19-7-4-3-5-8-19/h3-16H,1-2H3,(H,30,33)/b13-10+	XJOXESRMMWKLRI-JLHYYAGUSA-N	111094	US9695179, 90	Bromodomain-containing protein 4 [342-460]/[42-168]			 11200						25.00 C	US Patent		10.7270/Q21G0JF6		aid1794898	US9695179	Vankayalapati, H; Yoshioka, M; Strovel, JW; Padia, JK	ConverGene LLC	http://www.bindingdb.org/bind/chemsearch/marvin/MolStructure.jsp?monomerid=111094	http://www.bindingdb.org/jsp/dbsearch/PrimarySearch_ki.jsp?energyterm=kJ/mole&tag=com&complexid=62&target=Bromodomain-containing+protein+4+%5B342-460%5D%2F%5B42-168%5D&column=ki&startPg=0&Increment=50&submit=Search	http://www.bindingdb.org/jsp/dbsearch/PrimarySearch_ki.jsp?energyterm=kJ/mole&tag=r21&monomerid=111094&enzyme=Bromodomain-containing+protein+4+%5B342-460%5D%2F%5B42-168%5D&column=ki&startPg=0&Increment=50&submit=Search			118677177	186527964							2	STNPPPPETSNPNKPKRQTNQLQYLLRVVLKTLWKHQFAWPFQQPVDAVKLNLPDYYKIIKTPMDMGTIKKRLENNYYWNAQECIQDFNTMFTNCYIYNKPGDDIVLMAEALEKLFLQKINELPTEE	3JVJ,3JVK,3MUK,3MUL,4DON,4HXK,4HXL,4HXM,4HXN,4HXO,4HXP,4HXR,4HXS,4LR6,4LRG,4LYS,4X2I,4Z1Q,4Z1S,5D24,5D25,5D3H,5D3J,5D3N,5D3S,5H21,5HLS,5HM0,5HQ7,5I80,5I88,5KU3,5S9P,5S9Q,5S9R,5U2E,5U2F,5UVW,5VZS,5W55,5WA5,5WUU,5XHY,5XI2,5XI3,5XI4,5Y1Y,5Z5T,5Z5U,5Z5V,5Z9C,6AJV,6AJW,6AJX,6AJY,6AJZ,6CD4,6CJ2,6CKR,6CKS,6IN1,6JI3,6JI4,6JI5,6JJ3,6JJ5,6JJ6,6JJB,6LG4,6LG5,6LG6,6LG7,6LG8,6LG9,6LIH,6LIM,6P05,6U6K,6U72,6U74,6U8G,6U8M,6ULS,6ULV,6VIW,6VIZ,6WW8,6X7D,7C2Z,7EHW,7EHY,7EIG,7EIK,7EIL,7FH2,7JKW,7JKX,7JKY,7LA9,7MCE,7MCF,7REK,7RUI,7T3F,7TUQ,7TV0,7UZN,7ZAQ,7ZE6,7ZEF,7ZFV,8B5B,8B5C,8GPZ,8GQ0	Bromodomain-containing protein 4	BRD4_HUMAN	O60885	O60433 Q4G0X8 Q86YS8 Q96PD3							PAPEKSSKVSEQLKCCSGILKEMFAKKHAAYAWPFYKPVDVEALGLHDYCDIIKHPMDMSTIKSKLEAREYRDAQEFGADVRLMFSNCYKYNPPDHEVVAMARKLQDVFEMRFAKMPDE	2I8N,2LSP,2MJV,2OUO,2YEM,3JVL,3JVM,4KV4,4Z93,5JWM,5T35,5U2C,5UEO,5UEP,5UEQ,5UER,5UES,5UET,5UEU,5UEV,5UEX,5UEY,5UEZ,5UF0,5UOO,5UVS,5UVT,5UVU,5UVV,5UVX,5UVY,5UVZ,6C7Q,6DUV,6FFD,6KO2,6MNL,6SIS,6VIX,7AQT,7C6P,7JKZ,7KO0,7RUH,7USJ,7USK,7ZNT,8BDT,8BDX,8G46	Bromodomain-containing protein 4	BRD4_HUMAN	O60885	O60433 Q4G0X8 Q86YS8 Q96PD3						
461022	CNC(=S)N1N=C(CC1c1ccccc1)c1c(-c2ccccc2)c2cc(Cl)ccc2[nH]c1=O	InChI=1S/C26H21ClN4OS/c1-28-26(33)31-22(16-8-4-2-5-9-16)15-21(30-31)24-23(17-10-6-3-7-11-17)19-14-18(27)12-13-20(19)29-25(24)32/h2-14,22H,15H2,1H3,(H,28,33)(H,29,32)	SJESTDSBHNANEG-UHFFFAOYSA-N	111133	US9695179, 128	Bromodomain-containing protein 4 [342-460]/[42-168]			 16300						25.00 C	US Patent		10.7270/Q21G0JF6		aid1794898	US9695179	Vankayalapati, H; Yoshioka, M; Strovel, JW; Padia, JK	ConverGene LLC	http://www.bindingdb.org/bind/chemsearch/marvin/MolStructure.jsp?monomerid=111133	http://www.bindingdb.org/jsp/dbsearch/PrimarySearch_ki.jsp?energyterm=kJ/mole&tag=com&complexid=62&target=Bromodomain-containing+protein+4+%5B342-460%5D%2F%5B42-168%5D&column=ki&startPg=0&Increment=50&submit=Search	http://www.bindingdb.org/jsp/dbsearch/PrimarySearch_ki.jsp?energyterm=kJ/mole&tag=r21&monomerid=111133&enzyme=Bromodomain-containing+protein+4+%5B342-460%5D%2F%5B42-168%5D&column=ki&startPg=0&Increment=50&submit=Search			6095829	186528003							2	STNPPPPETSNPNKPKRQTNQLQYLLRVVLKTLWKHQFAWPFQQPVDAVKLNLPDYYKIIKTPMDMGTIKKRLENNYYWNAQECIQDFNTMFTNCYIYNKPGDDIVLMAEALEKLFLQKINELPTEE	3JVJ,3JVK,3MUK,3MUL,4DON,4HXK,4HXL,4HXM,4HXN,4HXO,4HXP,4HXR,4HXS,4LR6,4LRG,4LYS,4X2I,4Z1Q,4Z1S,5D24,5D25,5D3H,5D3J,5D3N,5D3S,5H21,5HLS,5HM0,5HQ7,5I80,5I88,5KU3,5S9P,5S9Q,5S9R,5U2E,5U2F,5UVW,5VZS,5W55,5WA5,5WUU,5XHY,5XI2,5XI3,5XI4,5Y1Y,5Z5T,5Z5U,5Z5V,5Z9C,6AJV,6AJW,6AJX,6AJY,6AJZ,6CD4,6CJ2,6CKR,6CKS,6IN1,6JI3,6JI4,6JI5,6JJ3,6JJ5,6JJ6,6JJB,6LG4,6LG5,6LG6,6LG7,6LG8,6LG9,6LIH,6LIM,6P05,6U6K,6U72,6U74,6U8G,6U8M,6ULS,6ULV,6VIW,6VIZ,6WW8,6X7D,7C2Z,7EHW,7EHY,7EIG,7EIK,7EIL,7FH2,7JKW,7JKX,7JKY,7LA9,7MCE,7MCF,7REK,7RUI,7T3F,7TUQ,7TV0,7UZN,7ZAQ,7ZE6,7ZEF,7ZFV,8B5B,8B5C,8GPZ,8GQ0	Bromodomain-containing protein 4	BRD4_HUMAN	O60885	O60433 Q4G0X8 Q86YS8 Q96PD3							PAPEKSSKVSEQLKCCSGILKEMFAKKHAAYAWPFYKPVDVEALGLHDYCDIIKHPMDMSTIKSKLEAREYRDAQEFGADVRLMFSNCYKYNPPDHEVVAMARKLQDVFEMRFAKMPDE	2I8N,2LSP,2MJV,2OUO,2YEM,3JVL,3JVM,4KV4,4Z93,5JWM,5T35,5U2C,5UEO,5UEP,5UEQ,5UER,5UES,5UET,5UEU,5UEV,5UEX,5UEY,5UEZ,5UF0,5UOO,5UVS,5UVT,5UVU,5UVV,5UVX,5UVY,5UVZ,6C7Q,6DUV,6FFD,6KO2,6MNL,6SIS,6VIX,7AQT,7C6P,7JKZ,7KO0,7RUH,7USJ,7USK,7ZNT,8BDT,8BDX,8G46	Bromodomain-containing protein 4	BRD4_HUMAN	O60885	O60433 Q4G0X8 Q86YS8 Q96PD3						
461020	Clc1ccc2c(-c3ccccc3)c(Sc3nc4ccccc4s3)c(=O)[nH]c2c1	InChI=1S/C22H13ClN2OS2/c23-14-10-11-15-17(12-14)24-21(26)20(19(15)13-6-2-1-3-7-13)28-22-25-16-8-4-5-9-18(16)27-22/h1-12H,(H,24,26)	MJDAYFMZOCFVMV-UHFFFAOYSA-N	111129	US9695179, 124	Bromodomain-containing protein 4 [342-460]/[42-168]			 17300						25.00 C	US Patent		10.7270/Q21G0JF6		aid1794898	US9695179	Vankayalapati, H; Yoshioka, M; Strovel, JW; Padia, JK	ConverGene LLC	http://www.bindingdb.org/bind/chemsearch/marvin/MolStructure.jsp?monomerid=111129	http://www.bindingdb.org/jsp/dbsearch/PrimarySearch_ki.jsp?energyterm=kJ/mole&tag=com&complexid=62&target=Bromodomain-containing+protein+4+%5B342-460%5D%2F%5B42-168%5D&column=ki&startPg=0&Increment=50&submit=Search	http://www.bindingdb.org/jsp/dbsearch/PrimarySearch_ki.jsp?energyterm=kJ/mole&tag=r21&monomerid=111129&enzyme=Bromodomain-containing+protein+4+%5B342-460%5D%2F%5B42-168%5D&column=ki&startPg=0&Increment=50&submit=Search			17137383	186527999							2	STNPPPPETSNPNKPKRQTNQLQYLLRVVLKTLWKHQFAWPFQQPVDAVKLNLPDYYKIIKTPMDMGTIKKRLENNYYWNAQECIQDFNTMFTNCYIYNKPGDDIVLMAEALEKLFLQKINELPTEE	3JVJ,3JVK,3MUK,3MUL,4DON,4HXK,4HXL,4HXM,4HXN,4HXO,4HXP,4HXR,4HXS,4LR6,4LRG,4LYS,4X2I,4Z1Q,4Z1S,5D24,5D25,5D3H,5D3J,5D3N,5D3S,5H21,5HLS,5HM0,5HQ7,5I80,5I88,5KU3,5S9P,5S9Q,5S9R,5U2E,5U2F,5UVW,5VZS,5W55,5WA5,5WUU,5XHY,5XI2,5XI3,5XI4,5Y1Y,5Z5T,5Z5U,5Z5V,5Z9C,6AJV,6AJW,6AJX,6AJY,6AJZ,6CD4,6CJ2,6CKR,6CKS,6IN1,6JI3,6JI4,6JI5,6JJ3,6JJ5,6JJ6,6JJB,6LG4,6LG5,6LG6,6LG7,6LG8,6LG9,6LIH,6LIM,6P05,6U6K,6U72,6U74,6U8G,6U8M,6ULS,6ULV,6VIW,6VIZ,6WW8,6X7D,7C2Z,7EHW,7EHY,7EIG,7EIK,7EIL,7FH2,7JKW,7JKX,7JKY,7LA9,7MCE,7MCF,7REK,7RUI,7T3F,7TUQ,7TV0,7UZN,7ZAQ,7ZE6,7ZEF,7ZFV,8B5B,8B5C,8GPZ,8GQ0	Bromodomain-containing protein 4	BRD4_HUMAN	O60885	O60433 Q4G0X8 Q86YS8 Q96PD3							PAPEKSSKVSEQLKCCSGILKEMFAKKHAAYAWPFYKPVDVEALGLHDYCDIIKHPMDMSTIKSKLEAREYRDAQEFGADVRLMFSNCYKYNPPDHEVVAMARKLQDVFEMRFAKMPDE	2I8N,2LSP,2MJV,2OUO,2YEM,3JVL,3JVM,4KV4,4Z93,5JWM,5T35,5U2C,5UEO,5UEP,5UEQ,5UER,5UES,5UET,5UEU,5UEV,5UEX,5UEY,5UEZ,5UF0,5UOO,5UVS,5UVT,5UVU,5UVV,5UVX,5UVY,5UVZ,6C7Q,6DUV,6FFD,6KO2,6MNL,6SIS,6VIX,7AQT,7C6P,7JKZ,7KO0,7RUH,7USJ,7USK,7ZNT,8BDT,8BDX,8G46	Bromodomain-containing protein 4	BRD4_HUMAN	O60885	O60433 Q4G0X8 Q86YS8 Q96PD3						
461021	CSc1nsc(Sc2c(-c3ccccc3)c3ccc(Cl)cc3[nH]c2=O)n1	InChI=1S/C18H12ClN3OS3/c1-24-17-21-18(26-22-17)25-15-14(10-5-3-2-4-6-10)12-8-7-11(19)9-13(12)20-16(15)23/h2-9H,1H3,(H,20,23)	YIQFRJARILQFEI-UHFFFAOYSA-N	111131	US9695179, 126	Bromodomain-containing protein 4 [342-460]/[42-168]			 23600						25.00 C	US Patent		10.7270/Q21G0JF6		aid1794898	US9695179	Vankayalapati, H; Yoshioka, M; Strovel, JW; Padia, JK	ConverGene LLC	http://www.bindingdb.org/bind/chemsearch/marvin/MolStructure.jsp?monomerid=111131	http://www.bindingdb.org/jsp/dbsearch/PrimarySearch_ki.jsp?energyterm=kJ/mole&tag=com&complexid=62&target=Bromodomain-containing+protein+4+%5B342-460%5D%2F%5B42-168%5D&column=ki&startPg=0&Increment=50&submit=Search	http://www.bindingdb.org/jsp/dbsearch/PrimarySearch_ki.jsp?energyterm=kJ/mole&tag=r21&monomerid=111131&enzyme=Bromodomain-containing+protein+4+%5B342-460%5D%2F%5B42-168%5D&column=ki&startPg=0&Increment=50&submit=Search			22333219	186528001							2	STNPPPPETSNPNKPKRQTNQLQYLLRVVLKTLWKHQFAWPFQQPVDAVKLNLPDYYKIIKTPMDMGTIKKRLENNYYWNAQECIQDFNTMFTNCYIYNKPGDDIVLMAEALEKLFLQKINELPTEE	3JVJ,3JVK,3MUK,3MUL,4DON,4HXK,4HXL,4HXM,4HXN,4HXO,4HXP,4HXR,4HXS,4LR6,4LRG,4LYS,4X2I,4Z1Q,4Z1S,5D24,5D25,5D3H,5D3J,5D3N,5D3S,5H21,5HLS,5HM0,5HQ7,5I80,5I88,5KU3,5S9P,5S9Q,5S9R,5U2E,5U2F,5UVW,5VZS,5W55,5WA5,5WUU,5XHY,5XI2,5XI3,5XI4,5Y1Y,5Z5T,5Z5U,5Z5V,5Z9C,6AJV,6AJW,6AJX,6AJY,6AJZ,6CD4,6CJ2,6CKR,6CKS,6IN1,6JI3,6JI4,6JI5,6JJ3,6JJ5,6JJ6,6JJB,6LG4,6LG5,6LG6,6LG7,6LG8,6LG9,6LIH,6LIM,6P05,6U6K,6U72,6U74,6U8G,6U8M,6ULS,6ULV,6VIW,6VIZ,6WW8,6X7D,7C2Z,7EHW,7EHY,7EIG,7EIK,7EIL,7FH2,7JKW,7JKX,7JKY,7LA9,7MCE,7MCF,7REK,7RUI,7T3F,7TUQ,7TV0,7UZN,7ZAQ,7ZE6,7ZEF,7ZFV,8B5B,8B5C,8GPZ,8GQ0	Bromodomain-containing protein 4	BRD4_HUMAN	O60885	O60433 Q4G0X8 Q86YS8 Q96PD3							PAPEKSSKVSEQLKCCSGILKEMFAKKHAAYAWPFYKPVDVEALGLHDYCDIIKHPMDMSTIKSKLEAREYRDAQEFGADVRLMFSNCYKYNPPDHEVVAMARKLQDVFEMRFAKMPDE	2I8N,2LSP,2MJV,2OUO,2YEM,3JVL,3JVM,4KV4,4Z93,5JWM,5T35,5U2C,5UEO,5UEP,5UEQ,5UER,5UES,5UET,5UEU,5UEV,5UEX,5UEY,5UEZ,5UF0,5UOO,5UVS,5UVT,5UVU,5UVV,5UVX,5UVY,5UVZ,6C7Q,6DUV,6FFD,6KO2,6MNL,6SIS,6VIX,7AQT,7C6P,7JKZ,7KO0,7RUH,7USJ,7USK,7ZNT,8BDT,8BDX,8G46	Bromodomain-containing protein 4	BRD4_HUMAN	O60885	O60433 Q4G0X8 Q86YS8 Q96PD3						
461019	CCN(CC)C(=S)Sc1c(-c2ccccc2)c2cc(Cl)ccc2[nH]c1=O	InChI=1S/C20H19ClN2OS2/c1-3-23(4-2)20(25)26-18-17(13-8-6-5-7-9-13)15-12-14(21)10-11-16(15)22-19(18)24/h5-12H,3-4H2,1-2H3,(H,22,24)	JATKKVINBHBUSH-UHFFFAOYSA-N	89915	(6-chloranyl-2-oxidanylidene-4-phenyl-1H-quinolin-3-yl) N,N-diethylcarbamodithioate::(6-chloro-2-oxo-4-phenyl-1H-quinolin-3-yl) N,N-diethylcarbamodithioate::Diethyl-dithiocarbamic acid 6-chloro-2-oxo-4-phenyl-1,2-dihydro-quinolin-3-yl ester::MLS000551566::N,N-diethylcarbamodithioic acid (6-chloro-2-keto-4-phenyl-1H-quinolin-3-yl) ester::N,N-diethylcarbamodithioic acid (6-chloro-2-oxo-4-phenyl-1H-quinolin-3-yl) ester::SMR000145491::US9695179, 122::cid_1616439	Bromodomain-containing protein 4 [342-460]/[42-168]			 26800						25.00 C	US Patent		10.7270/Q21G0JF6		aid1794898	US9695179	Vankayalapati, H; Yoshioka, M; Strovel, JW; Padia, JK	ConverGene LLC	http://www.bindingdb.org/bind/chemsearch/marvin/MolStructure.jsp?monomerid=89915	http://www.bindingdb.org/jsp/dbsearch/PrimarySearch_ki.jsp?energyterm=kJ/mole&tag=com&complexid=62&target=Bromodomain-containing+protein+4+%5B342-460%5D%2F%5B42-168%5D&column=ki&startPg=0&Increment=50&submit=Search	http://www.bindingdb.org/jsp/dbsearch/PrimarySearch_ki.jsp?energyterm=kJ/mole&tag=r21&monomerid=89915&enzyme=Bromodomain-containing+protein+4+%5B342-460%5D%2F%5B42-168%5D&column=ki&startPg=0&Increment=50&submit=Search			1616439	252661486						ZINC18249435	2	STNPPPPETSNPNKPKRQTNQLQYLLRVVLKTLWKHQFAWPFQQPVDAVKLNLPDYYKIIKTPMDMGTIKKRLENNYYWNAQECIQDFNTMFTNCYIYNKPGDDIVLMAEALEKLFLQKINELPTEE	3JVJ,3JVK,3MUK,3MUL,4DON,4HXK,4HXL,4HXM,4HXN,4HXO,4HXP,4HXR,4HXS,4LR6,4LRG,4LYS,4X2I,4Z1Q,4Z1S,5D24,5D25,5D3H,5D3J,5D3N,5D3S,5H21,5HLS,5HM0,5HQ7,5I80,5I88,5KU3,5S9P,5S9Q,5S9R,5U2E,5U2F,5UVW,5VZS,5W55,5WA5,5WUU,5XHY,5XI2,5XI3,5XI4,5Y1Y,5Z5T,5Z5U,5Z5V,5Z9C,6AJV,6AJW,6AJX,6AJY,6AJZ,6CD4,6CJ2,6CKR,6CKS,6IN1,6JI3,6JI4,6JI5,6JJ3,6JJ5,6JJ6,6JJB,6LG4,6LG5,6LG6,6LG7,6LG8,6LG9,6LIH,6LIM,6P05,6U6K,6U72,6U74,6U8G,6U8M,6ULS,6ULV,6VIW,6VIZ,6WW8,6X7D,7C2Z,7EHW,7EHY,7EIG,7EIK,7EIL,7FH2,7JKW,7JKX,7JKY,7LA9,7MCE,7MCF,7REK,7RUI,7T3F,7TUQ,7TV0,7UZN,7ZAQ,7ZE6,7ZEF,7ZFV,8B5B,8B5C,8GPZ,8GQ0	Bromodomain-containing protein 4	BRD4_HUMAN	O60885	O60433 Q4G0X8 Q86YS8 Q96PD3							PAPEKSSKVSEQLKCCSGILKEMFAKKHAAYAWPFYKPVDVEALGLHDYCDIIKHPMDMSTIKSKLEAREYRDAQEFGADVRLMFSNCYKYNPPDHEVVAMARKLQDVFEMRFAKMPDE	2I8N,2LSP,2MJV,2OUO,2YEM,3JVL,3JVM,4KV4,4Z93,5JWM,5T35,5U2C,5UEO,5UEP,5UEQ,5UER,5UES,5UET,5UEU,5UEV,5UEX,5UEY,5UEZ,5UF0,5UOO,5UVS,5UVT,5UVU,5UVV,5UVX,5UVY,5UVZ,6C7Q,6DUV,6FFD,6KO2,6MNL,6SIS,6VIX,7AQT,7C6P,7JKZ,7KO0,7RUH,7USJ,7USK,7ZNT,8BDT,8BDX,8G46	Bromodomain-containing protein 4	BRD4_HUMAN	O60885	O60433 Q4G0X8 Q86YS8 Q96PD3						
461012	COc1ccc(Cn2c3ccc(Cl)cc3c(OS(=O)(=O)c3ccc4ccccc4c3)c(-c3coc(C)n3)c2=O)cc1	InChI=1S/C31H23ClN2O6S/c1-19-33-27(18-39-19)29-30(40-41(36,37)25-13-9-21-5-3-4-6-22(21)15-25)26-16-23(32)10-14-28(26)34(31(29)35)17-20-7-11-24(38-2)12-8-20/h3-16,18H,17H2,1-2H3	JPHGXJGULJAFME-UHFFFAOYSA-N	111090	US9695179, 87	Bromodomain-containing protein 4 [342-460]/[42-168]			 139000						25.00 C	US Patent		10.7270/Q21G0JF6		aid1794898	US9695179	Vankayalapati, H; Yoshioka, M; Strovel, JW; Padia, JK	ConverGene LLC	http://www.bindingdb.org/bind/chemsearch/marvin/MolStructure.jsp?monomerid=111090	http://www.bindingdb.org/jsp/dbsearch/PrimarySearch_ki.jsp?energyterm=kJ/mole&tag=com&complexid=62&target=Bromodomain-containing+protein+4+%5B342-460%5D%2F%5B42-168%5D&column=ki&startPg=0&Increment=50&submit=Search	http://www.bindingdb.org/jsp/dbsearch/PrimarySearch_ki.jsp?energyterm=kJ/mole&tag=r21&monomerid=111090&enzyme=Bromodomain-containing+protein+4+%5B342-460%5D%2F%5B42-168%5D&column=ki&startPg=0&Increment=50&submit=Search			117602642	186527960							2	STNPPPPETSNPNKPKRQTNQLQYLLRVVLKTLWKHQFAWPFQQPVDAVKLNLPDYYKIIKTPMDMGTIKKRLENNYYWNAQECIQDFNTMFTNCYIYNKPGDDIVLMAEALEKLFLQKINELPTEE	3JVJ,3JVK,3MUK,3MUL,4DON,4HXK,4HXL,4HXM,4HXN,4HXO,4HXP,4HXR,4HXS,4LR6,4LRG,4LYS,4X2I,4Z1Q,4Z1S,5D24,5D25,5D3H,5D3J,5D3N,5D3S,5H21,5HLS,5HM0,5HQ7,5I80,5I88,5KU3,5S9P,5S9Q,5S9R,5U2E,5U2F,5UVW,5VZS,5W55,5WA5,5WUU,5XHY,5XI2,5XI3,5XI4,5Y1Y,5Z5T,5Z5U,5Z5V,5Z9C,6AJV,6AJW,6AJX,6AJY,6AJZ,6CD4,6CJ2,6CKR,6CKS,6IN1,6JI3,6JI4,6JI5,6JJ3,6JJ5,6JJ6,6JJB,6LG4,6LG5,6LG6,6LG7,6LG8,6LG9,6LIH,6LIM,6P05,6U6K,6U72,6U74,6U8G,6U8M,6ULS,6ULV,6VIW,6VIZ,6WW8,6X7D,7C2Z,7EHW,7EHY,7EIG,7EIK,7EIL,7FH2,7JKW,7JKX,7JKY,7LA9,7MCE,7MCF,7REK,7RUI,7T3F,7TUQ,7TV0,7UZN,7ZAQ,7ZE6,7ZEF,7ZFV,8B5B,8B5C,8GPZ,8GQ0	Bromodomain-containing protein 4	BRD4_HUMAN	O60885	O60433 Q4G0X8 Q86YS8 Q96PD3							PAPEKSSKVSEQLKCCSGILKEMFAKKHAAYAWPFYKPVDVEALGLHDYCDIIKHPMDMSTIKSKLEAREYRDAQEFGADVRLMFSNCYKYNPPDHEVVAMARKLQDVFEMRFAKMPDE	2I8N,2LSP,2MJV,2OUO,2YEM,3JVL,3JVM,4KV4,4Z93,5JWM,5T35,5U2C,5UEO,5UEP,5UEQ,5UER,5UES,5UET,5UEU,5UEV,5UEX,5UEY,5UEZ,5UF0,5UOO,5UVS,5UVT,5UVU,5UVV,5UVX,5UVY,5UVZ,6C7Q,6DUV,6FFD,6KO2,6MNL,6SIS,6VIX,7AQT,7C6P,7JKZ,7KO0,7RUH,7USJ,7USK,7ZNT,8BDT,8BDX,8G46	Bromodomain-containing protein 4	BRD4_HUMAN	O60885	O60433 Q4G0X8 Q86YS8 Q96PD3						
461009	COc1ccc(Cn2c3ccc(Cl)cc3c(OS(=O)(=O)c3ccccc3)c(-c3coc(C)n3)c2=O)cc1	InChI=1S/C27H21ClN2O6S/c1-17-29-23(16-35-17)25-26(36-37(32,33)21-6-4-3-5-7-21)22-14-19(28)10-13-24(22)30(27(25)31)15-18-8-11-20(34-2)12-9-18/h3-14,16H,15H2,1-2H3	HDYUSPOXHKUVLI-UHFFFAOYSA-N	111087	US9695179, 84	Bromodomain-containing protein 4 [342-460]/[42-168]			 372000						25.00 C	US Patent		10.7270/Q21G0JF6		aid1794898	US9695179	Vankayalapati, H; Yoshioka, M; Strovel, JW; Padia, JK	ConverGene LLC	http://www.bindingdb.org/bind/chemsearch/marvin/MolStructure.jsp?monomerid=111087	http://www.bindingdb.org/jsp/dbsearch/PrimarySearch_ki.jsp?energyterm=kJ/mole&tag=com&complexid=62&target=Bromodomain-containing+protein+4+%5B342-460%5D%2F%5B42-168%5D&column=ki&startPg=0&Increment=50&submit=Search	http://www.bindingdb.org/jsp/dbsearch/PrimarySearch_ki.jsp?energyterm=kJ/mole&tag=r21&monomerid=111087&enzyme=Bromodomain-containing+protein+4+%5B342-460%5D%2F%5B42-168%5D&column=ki&startPg=0&Increment=50&submit=Search			118683079	186527957							2	STNPPPPETSNPNKPKRQTNQLQYLLRVVLKTLWKHQFAWPFQQPVDAVKLNLPDYYKIIKTPMDMGTIKKRLENNYYWNAQECIQDFNTMFTNCYIYNKPGDDIVLMAEALEKLFLQKINELPTEE	3JVJ,3JVK,3MUK,3MUL,4DON,4HXK,4HXL,4HXM,4HXN,4HXO,4HXP,4HXR,4HXS,4LR6,4LRG,4LYS,4X2I,4Z1Q,4Z1S,5D24,5D25,5D3H,5D3J,5D3N,5D3S,5H21,5HLS,5HM0,5HQ7,5I80,5I88,5KU3,5S9P,5S9Q,5S9R,5U2E,5U2F,5UVW,5VZS,5W55,5WA5,5WUU,5XHY,5XI2,5XI3,5XI4,5Y1Y,5Z5T,5Z5U,5Z5V,5Z9C,6AJV,6AJW,6AJX,6AJY,6AJZ,6CD4,6CJ2,6CKR,6CKS,6IN1,6JI3,6JI4,6JI5,6JJ3,6JJ5,6JJ6,6JJB,6LG4,6LG5,6LG6,6LG7,6LG8,6LG9,6LIH,6LIM,6P05,6U6K,6U72,6U74,6U8G,6U8M,6ULS,6ULV,6VIW,6VIZ,6WW8,6X7D,7C2Z,7EHW,7EHY,7EIG,7EIK,7EIL,7FH2,7JKW,7JKX,7JKY,7LA9,7MCE,7MCF,7REK,7RUI,7T3F,7TUQ,7TV0,7UZN,7ZAQ,7ZE6,7ZEF,7ZFV,8B5B,8B5C,8GPZ,8GQ0	Bromodomain-containing protein 4	BRD4_HUMAN	O60885	O60433 Q4G0X8 Q86YS8 Q96PD3							PAPEKSSKVSEQLKCCSGILKEMFAKKHAAYAWPFYKPVDVEALGLHDYCDIIKHPMDMSTIKSKLEAREYRDAQEFGADVRLMFSNCYKYNPPDHEVVAMARKLQDVFEMRFAKMPDE	2I8N,2LSP,2MJV,2OUO,2YEM,3JVL,3JVM,4KV4,4Z93,5JWM,5T35,5U2C,5UEO,5UEP,5UEQ,5UER,5UES,5UET,5UEU,5UEV,5UEX,5UEY,5UEZ,5UF0,5UOO,5UVS,5UVT,5UVU,5UVV,5UVX,5UVY,5UVZ,6C7Q,6DUV,6FFD,6KO2,6MNL,6SIS,6VIX,7AQT,7C6P,7JKZ,7KO0,7RUH,7USJ,7USK,7ZNT,8BDT,8BDX,8G46	Bromodomain-containing protein 4	BRD4_HUMAN	O60885	O60433 Q4G0X8 Q86YS8 Q96PD3						
461008	COc1ccc(Cn2c3ccc(Cl)cc3c(OS(=O)(=O)c3ccc(C)cc3)c(-c3coc(C)n3)c2=O)cc1	InChI=1S/C28H23ClN2O6S/c1-17-4-11-22(12-5-17)38(33,34)37-27-23-14-20(29)8-13-25(23)31(15-19-6-9-21(35-3)10-7-19)28(32)26(27)24-16-36-18(2)30-24/h4-14,16H,15H2,1-3H3	BLXDMSFOEDBEGQ-UHFFFAOYSA-N	111086	US9695179, 83	Bromodomain-containing protein 4 [342-460]/[42-168]			 442000						25.00 C	US Patent		10.7270/Q21G0JF6		aid1794898	US9695179	Vankayalapati, H; Yoshioka, M; Strovel, JW; Padia, JK	ConverGene LLC	http://www.bindingdb.org/bind/chemsearch/marvin/MolStructure.jsp?monomerid=111086	http://www.bindingdb.org/jsp/dbsearch/PrimarySearch_ki.jsp?energyterm=kJ/mole&tag=com&complexid=62&target=Bromodomain-containing+protein+4+%5B342-460%5D%2F%5B42-168%5D&column=ki&startPg=0&Increment=50&submit=Search	http://www.bindingdb.org/jsp/dbsearch/PrimarySearch_ki.jsp?energyterm=kJ/mole&tag=r21&monomerid=111086&enzyme=Bromodomain-containing+protein+4+%5B342-460%5D%2F%5B42-168%5D&column=ki&startPg=0&Increment=50&submit=Search			118683077	186527956							2	STNPPPPETSNPNKPKRQTNQLQYLLRVVLKTLWKHQFAWPFQQPVDAVKLNLPDYYKIIKTPMDMGTIKKRLENNYYWNAQECIQDFNTMFTNCYIYNKPGDDIVLMAEALEKLFLQKINELPTEE	3JVJ,3JVK,3MUK,3MUL,4DON,4HXK,4HXL,4HXM,4HXN,4HXO,4HXP,4HXR,4HXS,4LR6,4LRG,4LYS,4X2I,4Z1Q,4Z1S,5D24,5D25,5D3H,5D3J,5D3N,5D3S,5H21,5HLS,5HM0,5HQ7,5I80,5I88,5KU3,5S9P,5S9Q,5S9R,5U2E,5U2F,5UVW,5VZS,5W55,5WA5,5WUU,5XHY,5XI2,5XI3,5XI4,5Y1Y,5Z5T,5Z5U,5Z5V,5Z9C,6AJV,6AJW,6AJX,6AJY,6AJZ,6CD4,6CJ2,6CKR,6CKS,6IN1,6JI3,6JI4,6JI5,6JJ3,6JJ5,6JJ6,6JJB,6LG4,6LG5,6LG6,6LG7,6LG8,6LG9,6LIH,6LIM,6P05,6U6K,6U72,6U74,6U8G,6U8M,6ULS,6ULV,6VIW,6VIZ,6WW8,6X7D,7C2Z,7EHW,7EHY,7EIG,7EIK,7EIL,7FH2,7JKW,7JKX,7JKY,7LA9,7MCE,7MCF,7REK,7RUI,7T3F,7TUQ,7TV0,7UZN,7ZAQ,7ZE6,7ZEF,7ZFV,8B5B,8B5C,8GPZ,8GQ0	Bromodomain-containing protein 4	BRD4_HUMAN	O60885	O60433 Q4G0X8 Q86YS8 Q96PD3							PAPEKSSKVSEQLKCCSGILKEMFAKKHAAYAWPFYKPVDVEALGLHDYCDIIKHPMDMSTIKSKLEAREYRDAQEFGADVRLMFSNCYKYNPPDHEVVAMARKLQDVFEMRFAKMPDE	2I8N,2LSP,2MJV,2OUO,2YEM,3JVL,3JVM,4KV4,4Z93,5JWM,5T35,5U2C,5UEO,5UEP,5UEQ,5UER,5UES,5UET,5UEU,5UEV,5UEX,5UEY,5UEZ,5UF0,5UOO,5UVS,5UVT,5UVU,5UVV,5UVX,5UVY,5UVZ,6C7Q,6DUV,6FFD,6KO2,6MNL,6SIS,6VIX,7AQT,7C6P,7JKZ,7KO0,7RUH,7USJ,7USK,7ZNT,8BDT,8BDX,8G46	Bromodomain-containing protein 4	BRD4_HUMAN	O60885	O60433 Q4G0X8 Q86YS8 Q96PD3						
461014	COc1ccc(Cn2c3ccc(Cl)cc3c(OS(=O)(=O)c3ccc(cc3)-c3ccccc3)c(-c3coc(C)n3)c2=O)cc1			111093	US9695179, 89	Bromodomain-containing protein 4 [342-460]/[42-168]			 586000						25.00 C	US Patent		10.7270/Q21G0JF6		aid1794898	US9695179	Vankayalapati, H; Yoshioka, M; Strovel, JW; Padia, JK	ConverGene LLC	http://www.bindingdb.org/bind/chemsearch/marvin/MolStructure.jsp?monomerid=111093	http://www.bindingdb.org/jsp/dbsearch/PrimarySearch_ki.jsp?energyterm=kJ/mole&tag=com&complexid=62&target=Bromodomain-containing+protein+4+%5B342-460%5D%2F%5B42-168%5D&column=ki&startPg=0&Increment=50&submit=Search	http://www.bindingdb.org/jsp/dbsearch/PrimarySearch_ki.jsp?energyterm=kJ/mole&tag=r21&monomerid=111093&enzyme=Bromodomain-containing+protein+4+%5B342-460%5D%2F%5B42-168%5D&column=ki&startPg=0&Increment=50&submit=Search			117602629	186527963							2	STNPPPPETSNPNKPKRQTNQLQYLLRVVLKTLWKHQFAWPFQQPVDAVKLNLPDYYKIIKTPMDMGTIKKRLENNYYWNAQECIQDFNTMFTNCYIYNKPGDDIVLMAEALEKLFLQKINELPTEE	3JVJ,3JVK,3MUK,3MUL,4DON,4HXK,4HXL,4HXM,4HXN,4HXO,4HXP,4HXR,4HXS,4LR6,4LRG,4LYS,4X2I,4Z1Q,4Z1S,5D24,5D25,5D3H,5D3J,5D3N,5D3S,5H21,5HLS,5HM0,5HQ7,5I80,5I88,5KU3,5S9P,5S9Q,5S9R,5U2E,5U2F,5UVW,5VZS,5W55,5WA5,5WUU,5XHY,5XI2,5XI3,5XI4,5Y1Y,5Z5T,5Z5U,5Z5V,5Z9C,6AJV,6AJW,6AJX,6AJY,6AJZ,6CD4,6CJ2,6CKR,6CKS,6IN1,6JI3,6JI4,6JI5,6JJ3,6JJ5,6JJ6,6JJB,6LG4,6LG5,6LG6,6LG7,6LG8,6LG9,6LIH,6LIM,6P05,6U6K,6U72,6U74,6U8G,6U8M,6ULS,6ULV,6VIW,6VIZ,6WW8,6X7D,7C2Z,7EHW,7EHY,7EIG,7EIK,7EIL,7FH2,7JKW,7JKX,7JKY,7LA9,7MCE,7MCF,7REK,7RUI,7T3F,7TUQ,7TV0,7UZN,7ZAQ,7ZE6,7ZEF,7ZFV,8B5B,8B5C,8GPZ,8GQ0	Bromodomain-containing protein 4	BRD4_HUMAN	O60885	O60433 Q4G0X8 Q86YS8 Q96PD3							PAPEKSSKVSEQLKCCSGILKEMFAKKHAAYAWPFYKPVDVEALGLHDYCDIIKHPMDMSTIKSKLEAREYRDAQEFGADVRLMFSNCYKYNPPDHEVVAMARKLQDVFEMRFAKMPDE	2I8N,2LSP,2MJV,2OUO,2YEM,3JVL,3JVM,4KV4,4Z93,5JWM,5T35,5U2C,5UEO,5UEP,5UEQ,5UER,5UES,5UET,5UEU,5UEV,5UEX,5UEY,5UEZ,5UF0,5UOO,5UVS,5UVT,5UVU,5UVV,5UVX,5UVY,5UVZ,6C7Q,6DUV,6FFD,6KO2,6MNL,6SIS,6VIX,7AQT,7C6P,7JKZ,7KO0,7RUH,7USJ,7USK,7ZNT,8BDT,8BDX,8G46	Bromodomain-containing protein 4	BRD4_HUMAN	O60885	O60433 Q4G0X8 Q86YS8 Q96PD3						
461011	COc1ccc(Cn2c3ccc(Cl)cc3c(OS(=O)(=O)c3ccc(Cl)cc3)c(-c3coc(C)n3)c2=O)cc1	InChI=1S/C27H20Cl2N2O6S/c1-16-30-23(15-36-16)25-26(37-38(33,34)21-10-5-18(28)6-11-21)22-13-19(29)7-12-24(22)31(27(25)32)14-17-3-8-20(35-2)9-4-17/h3-13,15H,14H2,1-2H3	KAQUBRXNYBPXPB-UHFFFAOYSA-N	111089	US9695179, 86	Bromodomain-containing protein 4 [342-460]/[42-168]			 670000						25.00 C	US Patent		10.7270/Q21G0JF6		aid1794898	US9695179	Vankayalapati, H; Yoshioka, M; Strovel, JW; Padia, JK	ConverGene LLC	http://www.bindingdb.org/bind/chemsearch/marvin/MolStructure.jsp?monomerid=111089	http://www.bindingdb.org/jsp/dbsearch/PrimarySearch_ki.jsp?energyterm=kJ/mole&tag=com&complexid=62&target=Bromodomain-containing+protein+4+%5B342-460%5D%2F%5B42-168%5D&column=ki&startPg=0&Increment=50&submit=Search	http://www.bindingdb.org/jsp/dbsearch/PrimarySearch_ki.jsp?energyterm=kJ/mole&tag=r21&monomerid=111089&enzyme=Bromodomain-containing+protein+4+%5B342-460%5D%2F%5B42-168%5D&column=ki&startPg=0&Increment=50&submit=Search			117602570	186527959							2	STNPPPPETSNPNKPKRQTNQLQYLLRVVLKTLWKHQFAWPFQQPVDAVKLNLPDYYKIIKTPMDMGTIKKRLENNYYWNAQECIQDFNTMFTNCYIYNKPGDDIVLMAEALEKLFLQKINELPTEE	3JVJ,3JVK,3MUK,3MUL,4DON,4HXK,4HXL,4HXM,4HXN,4HXO,4HXP,4HXR,4HXS,4LR6,4LRG,4LYS,4X2I,4Z1Q,4Z1S,5D24,5D25,5D3H,5D3J,5D3N,5D3S,5H21,5HLS,5HM0,5HQ7,5I80,5I88,5KU3,5S9P,5S9Q,5S9R,5U2E,5U2F,5UVW,5VZS,5W55,5WA5,5WUU,5XHY,5XI2,5XI3,5XI4,5Y1Y,5Z5T,5Z5U,5Z5V,5Z9C,6AJV,6AJW,6AJX,6AJY,6AJZ,6CD4,6CJ2,6CKR,6CKS,6IN1,6JI3,6JI4,6JI5,6JJ3,6JJ5,6JJ6,6JJB,6LG4,6LG5,6LG6,6LG7,6LG8,6LG9,6LIH,6LIM,6P05,6U6K,6U72,6U74,6U8G,6U8M,6ULS,6ULV,6VIW,6VIZ,6WW8,6X7D,7C2Z,7EHW,7EHY,7EIG,7EIK,7EIL,7FH2,7JKW,7JKX,7JKY,7LA9,7MCE,7MCF,7REK,7RUI,7T3F,7TUQ,7TV0,7UZN,7ZAQ,7ZE6,7ZEF,7ZFV,8B5B,8B5C,8GPZ,8GQ0	Bromodomain-containing protein 4	BRD4_HUMAN	O60885	O60433 Q4G0X8 Q86YS8 Q96PD3							PAPEKSSKVSEQLKCCSGILKEMFAKKHAAYAWPFYKPVDVEALGLHDYCDIIKHPMDMSTIKSKLEAREYRDAQEFGADVRLMFSNCYKYNPPDHEVVAMARKLQDVFEMRFAKMPDE	2I8N,2LSP,2MJV,2OUO,2YEM,3JVL,3JVM,4KV4,4Z93,5JWM,5T35,5U2C,5UEO,5UEP,5UEQ,5UER,5UES,5UET,5UEU,5UEV,5UEX,5UEY,5UEZ,5UF0,5UOO,5UVS,5UVT,5UVU,5UVV,5UVX,5UVY,5UVZ,6C7Q,6DUV,6FFD,6KO2,6MNL,6SIS,6VIX,7AQT,7C6P,7JKZ,7KO0,7RUH,7USJ,7USK,7ZNT,8BDT,8BDX,8G46	Bromodomain-containing protein 4	BRD4_HUMAN	O60885	O60433 Q4G0X8 Q86YS8 Q96PD3						
461013	COc1ccc(Cn2c3ccc(Cl)cc3c(OS(=O)(=O)c3cccc4cccnc34)c(-c3coc(C)n3)c2=O)cc1	InChI=1S/C30H22ClN3O6S/c1-18-33-24(17-39-18)27-29(40-41(36,37)26-7-3-5-20-6-4-14-32-28(20)26)23-15-21(31)10-13-25(23)34(30(27)35)16-19-8-11-22(38-2)12-9-19/h3-15,17H,16H2,1-2H3	DUTRMNWTWPTCLX-UHFFFAOYSA-N	111092	US9695179, 88	Bromodomain-containing protein 4 [342-460]/[42-168]			 864000						25.00 C	US Patent		10.7270/Q21G0JF6		aid1794898	US9695179	Vankayalapati, H; Yoshioka, M; Strovel, JW; Padia, JK	ConverGene LLC	http://www.bindingdb.org/bind/chemsearch/marvin/MolStructure.jsp?monomerid=111092	http://www.bindingdb.org/jsp/dbsearch/PrimarySearch_ki.jsp?energyterm=kJ/mole&tag=com&complexid=62&target=Bromodomain-containing+protein+4+%5B342-460%5D%2F%5B42-168%5D&column=ki&startPg=0&Increment=50&submit=Search	http://www.bindingdb.org/jsp/dbsearch/PrimarySearch_ki.jsp?energyterm=kJ/mole&tag=r21&monomerid=111092&enzyme=Bromodomain-containing+protein+4+%5B342-460%5D%2F%5B42-168%5D&column=ki&startPg=0&Increment=50&submit=Search			118677155	186527962							2	STNPPPPETSNPNKPKRQTNQLQYLLRVVLKTLWKHQFAWPFQQPVDAVKLNLPDYYKIIKTPMDMGTIKKRLENNYYWNAQECIQDFNTMFTNCYIYNKPGDDIVLMAEALEKLFLQKINELPTEE	3JVJ,3JVK,3MUK,3MUL,4DON,4HXK,4HXL,4HXM,4HXN,4HXO,4HXP,4HXR,4HXS,4LR6,4LRG,4LYS,4X2I,4Z1Q,4Z1S,5D24,5D25,5D3H,5D3J,5D3N,5D3S,5H21,5HLS,5HM0,5HQ7,5I80,5I88,5KU3,5S9P,5S9Q,5S9R,5U2E,5U2F,5UVW,5VZS,5W55,5WA5,5WUU,5XHY,5XI2,5XI3,5XI4,5Y1Y,5Z5T,5Z5U,5Z5V,5Z9C,6AJV,6AJW,6AJX,6AJY,6AJZ,6CD4,6CJ2,6CKR,6CKS,6IN1,6JI3,6JI4,6JI5,6JJ3,6JJ5,6JJ6,6JJB,6LG4,6LG5,6LG6,6LG7,6LG8,6LG9,6LIH,6LIM,6P05,6U6K,6U72,6U74,6U8G,6U8M,6ULS,6ULV,6VIW,6VIZ,6WW8,6X7D,7C2Z,7EHW,7EHY,7EIG,7EIK,7EIL,7FH2,7JKW,7JKX,7JKY,7LA9,7MCE,7MCF,7REK,7RUI,7T3F,7TUQ,7TV0,7UZN,7ZAQ,7ZE6,7ZEF,7ZFV,8B5B,8B5C,8GPZ,8GQ0	Bromodomain-containing protein 4	BRD4_HUMAN	O60885	O60433 Q4G0X8 Q86YS8 Q96PD3							PAPEKSSKVSEQLKCCSGILKEMFAKKHAAYAWPFYKPVDVEALGLHDYCDIIKHPMDMSTIKSKLEAREYRDAQEFGADVRLMFSNCYKYNPPDHEVVAMARKLQDVFEMRFAKMPDE	2I8N,2LSP,2MJV,2OUO,2YEM,3JVL,3JVM,4KV4,4Z93,5JWM,5T35,5U2C,5UEO,5UEP,5UEQ,5UER,5UES,5UET,5UEU,5UEV,5UEX,5UEY,5UEZ,5UF0,5UOO,5UVS,5UVT,5UVU,5UVV,5UVX,5UVY,5UVZ,6C7Q,6DUV,6FFD,6KO2,6MNL,6SIS,6VIX,7AQT,7C6P,7JKZ,7KO0,7RUH,7USJ,7USK,7ZNT,8BDT,8BDX,8G46	Bromodomain-containing protein 4	BRD4_HUMAN	O60885	O60433 Q4G0X8 Q86YS8 Q96PD3						
461010	COc1ccc(Cn2c3ccc(Cl)cc3c(OS(=O)(=O)c3ccc(F)cc3)c(-c3coc(C)n3)c2=O)cc1	InChI=1S/C27H20ClFN2O6S/c1-16-30-23(15-36-16)25-26(37-38(33,34)21-10-6-19(29)7-11-21)22-13-18(28)5-12-24(22)31(27(25)32)14-17-3-8-20(35-2)9-4-17/h3-13,15H,14H2,1-2H3	ZHMLMIPUXGONAG-UHFFFAOYSA-N	111088	US9695179, 85	Bromodomain-containing protein 4 [342-460]/[42-168]			 876000						25.00 C	US Patent		10.7270/Q21G0JF6		aid1794898	US9695179	Vankayalapati, H; Yoshioka, M; Strovel, JW; Padia, JK	ConverGene LLC	http://www.bindingdb.org/bind/chemsearch/marvin/MolStructure.jsp?monomerid=111088	http://www.bindingdb.org/jsp/dbsearch/PrimarySearch_ki.jsp?energyterm=kJ/mole&tag=com&complexid=62&target=Bromodomain-containing+protein+4+%5B342-460%5D%2F%5B42-168%5D&column=ki&startPg=0&Increment=50&submit=Search	http://www.bindingdb.org/jsp/dbsearch/PrimarySearch_ki.jsp?energyterm=kJ/mole&tag=r21&monomerid=111088&enzyme=Bromodomain-containing+protein+4+%5B342-460%5D%2F%5B42-168%5D&column=ki&startPg=0&Increment=50&submit=Search			117602679	186527958							2	STNPPPPETSNPNKPKRQTNQLQYLLRVVLKTLWKHQFAWPFQQPVDAVKLNLPDYYKIIKTPMDMGTIKKRLENNYYWNAQECIQDFNTMFTNCYIYNKPGDDIVLMAEALEKLFLQKINELPTEE	3JVJ,3JVK,3MUK,3MUL,4DON,4HXK,4HXL,4HXM,4HXN,4HXO,4HXP,4HXR,4HXS,4LR6,4LRG,4LYS,4X2I,4Z1Q,4Z1S,5D24,5D25,5D3H,5D3J,5D3N,5D3S,5H21,5HLS,5HM0,5HQ7,5I80,5I88,5KU3,5S9P,5S9Q,5S9R,5U2E,5U2F,5UVW,5VZS,5W55,5WA5,5WUU,5XHY,5XI2,5XI3,5XI4,5Y1Y,5Z5T,5Z5U,5Z5V,5Z9C,6AJV,6AJW,6AJX,6AJY,6AJZ,6CD4,6CJ2,6CKR,6CKS,6IN1,6JI3,6JI4,6JI5,6JJ3,6JJ5,6JJ6,6JJB,6LG4,6LG5,6LG6,6LG7,6LG8,6LG9,6LIH,6LIM,6P05,6U6K,6U72,6U74,6U8G,6U8M,6ULS,6ULV,6VIW,6VIZ,6WW8,6X7D,7C2Z,7EHW,7EHY,7EIG,7EIK,7EIL,7FH2,7JKW,7JKX,7JKY,7LA9,7MCE,7MCF,7REK,7RUI,7T3F,7TUQ,7TV0,7UZN,7ZAQ,7ZE6,7ZEF,7ZFV,8B5B,8B5C,8GPZ,8GQ0	Bromodomain-containing protein 4	BRD4_HUMAN	O60885	O60433 Q4G0X8 Q86YS8 Q96PD3							PAPEKSSKVSEQLKCCSGILKEMFAKKHAAYAWPFYKPVDVEALGLHDYCDIIKHPMDMSTIKSKLEAREYRDAQEFGADVRLMFSNCYKYNPPDHEVVAMARKLQDVFEMRFAKMPDE	2I8N,2LSP,2MJV,2OUO,2YEM,3JVL,3JVM,4KV4,4Z93,5JWM,5T35,5U2C,5UEO,5UEP,5UEQ,5UER,5UES,5UET,5UEU,5UEV,5UEX,5UEY,5UEZ,5UF0,5UOO,5UVS,5UVT,5UVU,5UVV,5UVX,5UVY,5UVZ,6C7Q,6DUV,6FFD,6KO2,6MNL,6SIS,6VIX,7AQT,7C6P,7JKZ,7KO0,7RUH,7USJ,7USK,7ZNT,8BDT,8BDX,8G46	Bromodomain-containing protein 4	BRD4_HUMAN	O60885	O60433 Q4G0X8 Q86YS8 Q96PD3						
